{
  "project_info": {
    "project_number": "351269190165",
    "project_id": "ltddcuoiki",
    "storage_bucket": "ltddcuoiki.appspot.com"
  },
  "client": [
    {
      "client_info": {
        "mobilesdk_app_id": "1:351269190165:android:a75ed90fb4e2b40f41ec1c",
        "android_client_info": {
          "package_name": "com.example.multi_store_app"
        }
      },
      "oauth_client": [],
      "api_key": [
        {
          "current_key": "AIzaSyB74nSsfIa8zszccMO6ClkP62HDQN4_veQ"
        }
      ],
      "services": {
        "appinvite_service": {
          "other_platform_oauth_client": []
        }
      }
    }
  ],
  "configuration_version": "1"
}